{
  "version": 2,
  "settings": {
    "color": {
      "palette": [
        {
          "name": "Azul profundo",
          "slug": "azul-profundo",
          "color": "#001F3F"
        },
        {
          "name": "Cian acento",
          "slug": "cian-acento",
          "color": "#00C4CC"
        },
        {
          "name": "Blanco",
          "slug": "blanco",
          "color": "#FFFFFF"
        },
        {
          "name": "Gris niebla",
          "slug": "gris-niebla",
          "color": "#F5F7FA"
        }
      ]
    },
    "typography": {
      "fontFamilies": [
        {
          "fontFamily": "Montserrat, Arial, Helvetica, sans-serif",
          "name": "Montserrat (heading)",
          "slug": "montserrat"
        },
        {
          "fontFamily": "Open Sans, Arial, Helvetica, sans-serif",
          "name": "Open Sans (body)",
          "slug": "open-sans"
        }
      ]
    }
  },
  "styles": {
    "color": {
      "background": "#FFFFFF",
      "text": "#0b1220"
    },
    "typography": {
      "fontFamily": "Open Sans, Arial, Helvetica, sans-serif",
      "fontSize": "18px",
      "lineHeight": "1.6"
    },
    "elements": {
      "heading": {
        "typography": {
          "fontFamily": "Montserrat, Arial, Helvetica, sans-serif",
          "fontWeight": "700"
        }
      },
      "link": {
        "color": {
          "text": "#00C4CC"
        }
      }
    }
  }
}